Company,Name,CV,Nationality,Year of Birth,Gender,PhD,Post-Doc,Committees,Chairperson of Committee,Employee Delegat,Member Since,Sustainability experience,Notes
Daimler Truck,Joe Kaeser,https://www.daimlertruck.com/company/corporate-governance/supervisory-board/kaeser.html,German,1957,M,N,N,"Nomination, Presidential","Nomination, Presidential",N,2021,N,Chairman of supervisory board
Daimler Truck,Michael Brecht,https://www.daimlertruck.com/company/corporate-governance/supervisory-board/michael-brecht.html,German,1965,M,N,N,"Audit, Presidential",,Y,2021,N,
Daimler Truck,Michael Brosnan,https://www.daimlertruck.com/company/corporate-governance/supervisory-board/michael-brosnan.html,American,1955,M,N,N,Audit,Audit,N,2021,N,
Daimler Truck,Bruno Buschbacher,https://www.daimlertruck.com/company/corporate-governance/supervisory-board/bruno-buschbacher.html,German,1978,M,N,N,,,Y,2021,N,
Daimler Truck,Harald Dorn,https://www.daimlertruck.com/company/corporate-governance/supervisory-board/harald-dorn.html,German,1971,M,N,N,,,Y,2021,N,
Daimler Truck,Jacques Esculier,https://www.daimlertruck.com/company/corporate-governance/supervisory-board/jacques-esculier.html,French,1959,M,N,N,,,N,2021,N,
Daimler Truck,Akihiro Eto,https://www.daimlertruck.com/company/corporate-governance/supervisory-board/akihiro-eto.html,Japanese,1960,M,N,N,Audit,,N,2021,N,
Daimler Truck,Laura Ipsen,https://www.daimlertruck.com/company/corporate-governance/supervisory-board/laura-ipsen.html,American,1964,F,N,N,,,N,2021,N,
Daimler Truck,Renata Brüngger,https://group.mercedes-benz.com/company/corporate-governance/board-of-management/jungo-bruengger/,Swiss,1961,F,N,N,Nomination,,N,2021,Y,"This Board of Management position includes Daimler Group’s Legal Department, the Compliance Organization and the Legal Product & Technology as well as the Corporate Data Protection and Corporate Audit. It is also responsible for respecting and protecting human rights and for the sustained anchoring of a corporate culture of integrity (Integrity & Sustainability Management) throughout the Group."
Daimler Truck,Carmen Klitzsch-Müller,https://www.daimlertruck.com/company/corporate-governance/supervisory-board/carmen-klitzsch-mueller.html,German,1970,F,N,N,,,Y,2021,N,
Daimler Truck,Jörg Köhlinger,https://www.daimlertruck.com/company/corporate-governance/supervisory-board/joerg-koehlinger.html,German,1963,M,N,N,Audit,,Y,2021,N,
Daimler Truck,John Krafcik,https://www.daimlertruck.com/company/corporate-governance/supervisory-board/john-krafcik.html,American,1961,M,N,N,,,N,2021,N,
Daimler Truck,Jörg Lorz,https://www.daimlertruck.com/company/corporate-governance/supervisory-board/joerg-lorz.html,German,1972,M,N,N,,,Y,2021,N,
Daimler Truck,Claudia Peter,https://www.daimlertruck.com/company/corporate-governance/supervisory-board/claudia-peter.html,German,1963,F,N,N,,,Y,2021,N,
Daimler Truck,Andrea Reith,https://www.daimlertruck.com/company/corporate-governance/supervisory-board/andrea-reith.html,German,1984,F,N,N,,,Y,2021,N,
Daimler Truck,Martin Richenhagen,https://www.daimlertruck.com/company/corporate-governance/supervisory-board/martin-h-richenhagen.html,"American, German",1952,M,Y,Y,,,N,2021,N,
Daimler Truck,Marie Wieck,https://www.daimlertruck.com/company/corporate-governance/supervisory-board/marie-wieck.html,American,1960,F,N,N,"Nomination, Presidential",,N,2021,N,
Daimler Truck,Harald Wilhelm,https://www.daimlertruck.com/company/corporate-governance/supervisory-board/wilhelm.html,German,1966,M,N,N,Audit,,N,2021,N,
Daimler Truck,Roman Zitzelsberger,https://www.daimlertruck.com/company/corporate-governance/supervisory-board/roman-zitzelsberger.html,German,1966,M,N,N,Presidential,,Y,2021,N,
Daimler Truck,Thomas Zwick,https://www.daimlertruck.com/company/corporate-governance/supervisory-board/thomas-zwick.html,German,1966,M,N,N,Audit,,Y,2021,N,
Carl Zeiss Meditec,Karl Lamprecht,https://www.zeiss.com/content/dam/meditec-ag/documents/2021-10_dr_karl_lamprecht_en.pdf,Austrian,1964,M,Y,N,"Audit, General, Nomination, Personnel","General, Personnel",N,2020,N,Chairman of supervisory board
Carl Zeiss Meditec,Michael Kaschke,https://www.zeiss.com/content/dam/corporate-new/about-zeiss/management/downloads/dr_michael_kaschke_en.pdf,German,1957,M,Y,Y,,,N,2002,N,
Carl Zeiss Meditec,Tania von der Goltz,https://www.zeiss.com/content/dam/meditec-ag/documents/2021-10_czm_cv_ar_tania_von_der_goltz_en.pdf,German,1968,F,N,N,"General, Personnel",,N,2016,N,
Carl Zeiss Meditec,Christian Müller,https://www.zeiss.com/content/dam/corporate-new/about-zeiss/management/downloads/cv-dr_christian-mueller_en.pdf,German,1967,M,Y,N,Nomination,Nomination,N,2019,N,
Carl Zeiss Meditec,Peter Kameritsch,https://www.zeiss.com/content/dam/meditec-ag/documents/czm_cv_ar_peter_kameritsch_en.pdf,German,1969,M,N,N,Audit,Audit,N,2021,N,
Carl Zeiss Meditec,Isabel De Paoli,https://www.zeiss.com/content/dam/meditec-ag/documents/2021-10_czm_cv_ar_isabel_de_paoli_en.pdf,"Brazilian, Italian",1974,F,N,N,Nomination,,N,2020,N,
Carl Zeiss Meditec,Torsten Reitze,https://www.zeiss.com/content/dam/meditec-ag/documents/torsten_reitze_zeiss_smt_gmbh_en.pdf,German,1977,M,N,N,Audit,,N,2021,N,
Carl Zeiss Meditec,Brigitte Koblizek,https://www.zeiss.com/content/dam/meditec-ag/documents/2022-03_czm_cv_ar_zeiss_brigitte_koblizek_en.pdf,German,1966,F,N,N,,,Y,2022,N,
Carl Zeiss Meditec,Renè Denner,https://www.zeiss.com/content/dam/meditec-ag/documents/czm_cv_ar_zeiss_rene_denner_en.pdf,German,1980,M,N,N,,,Y,2019,N,
Carl Zeiss Meditec,Jeffrey Marx,https://www.zeiss.com/content/dam/meditec-ag/documents/czm_cv_ar_zeiss_jeffrey_marx_en.pdf,German,1985,M,N,N,,,Y,2020,N,
Deutsche Wohnen,Helene von Roeder,https://www.deutsche-wohnen.com/fileadmin/pdf/ueber-uns/vorstand_aufsichtsrat/Lebenslauf_Helene_von_Roeder_EN_20220208.pdf,German,1970,F,N,N,"Executive, Nomination","Executive, Nomination",N,2022,N,Chairwoman of supervisory board
Deutsche Wohnen,Florian Stetter,https://www.deutsche-wohnen.com/fileadmin/pdf/ueber-uns/vorstand_aufsichtsrat/Lebenslauf_Florian_Stetter_en_20220208.pdf,"Austrian, German",1964,M,Y,N,"Executive, Nomination",,N,2006,N,
Deutsche Wohnen,Fabian Heß,https://www.deutsche-wohnen.com/fileadmin/pdf/ueber-uns/vorstand_aufsichtsrat/Lebenslauf_Fabian_Hess_EN_20220208.pdf,German,1974,M,Y,N,Executive and Nomination,,N,2022,N,
Deutsche Wohnen,Peter Hohlbein,https://www.deutsche-wohnen.com/fileadmin/pdf/ueber-uns/vorstand_aufsichtsrat/Lebenslauf_Peter_Hohlbein_EN_20220208.pdf,German,1959,M,N,N,"Executive and Nomination, Finance",,N,2022,N,
Deutsche Wohnen,Christoph Schauerte,https://www.deutsche-wohnen.com/fileadmin/pdf/ueber-uns/vorstand_aufsichtsrat/Lebenslauf_Christoph_Schauerte_EN_20220208.pdf,German,1962,M,N,N,"Audit, Finance",Finance,N,2022,N,
Deutsche Wohnen,Simone Schumacher,https://www.deutsche-wohnen.com/fileadmin/pdf/ueber-uns/vorstand_aufsichtsrat/Lebenslauf_Simone_Schumacher_EN_20220208.pdf,German,1983,F,N,N,"Audit, Finance",Audit,N,2022,N,
Evonik,Bernd Tönjes,https://corporate.evonik.com/en/company/supervisory-board,German,1955,M,N,N,"Executive, Finance and Investment, Innovation, Mediation, Nomination","Executive, Nomination",N,2018,N,Chairman of supervisory board
Evonik,Barbara Albert,https://corporate.evonik.com/en/company/supervisory-board,German,1966,F,Y,Y,Innovation,Innovation,N,2014,N,
Evonik,Aldo Belloni,https://corporate.evonik.com/en/company/supervisory-board,Italian,1950,M,Y,Y,"Finance and Investment, Innovation",Finance and Investment,N,2017,N,
Evonik,Werner Fuhrmann,https://corporate.evonik.com/en/company/supervisory-board,German,1953,M,N,N,,,N,2021,N,
Evonik,Barbara Grunewald,https://corporate.evonik.com/en/company/supervisory-board,German,1951,F,Y,Y,Audit,,N,2013,N,
Evonik,Cedrik Neike,https://corporate.evonik.com/en/company/supervisory-board,"French, German",1973,M,N,N,Finance and Investment,,N,2021,N,
Evonik,Michael Rüdiger,https://corporate.evonik.com/en/company/supervisory-board,German,1964,M,N,N,Audit,Audit,N,2013,N,
Evonik,Angela Titzrath,https://corporate.evonik.com/en/company/supervisory-board,German,1966,F,N,N,Audit,,N,2016,N,
Evonik,Volker Trautz,https://corporate.evonik.com/en/company/supervisory-board,German,1945,M,Y,N,"Executive, Innovation, Mediation, Nomination",,N,2017,N,
Evonik,Ulrich Weber,https://corporate.evonik.com/en/company/supervisory-board,German,1950,M,N,N,Finance and Investment,,N,2016,N,
Evonik,Martin Albers,https://corporate.evonik.com/en/company/supervisory-board,German,1966,M,N,N,"Executive, Finance and Investment, Mediation",,Y,2015,N,
Evonik,Birgit Biermann,https://corporate.evonik.com/en/company/supervisory-board,German,1973,F,N,N,Audit,,Y,2020,N,
Evonik,Karin Erhard,https://corporate.evonik.com/en/company/supervisory-board,German,1961,F,N,N,"Executive, Finance and Investment, Mediation",,Y,2012,N,
Evonik,Martin Kubessa,https://corporate.evonik.com/en/company/supervisory-board,German,1969,M,N,N,,,Y,2018,N,
Evonik,Frank Löllgen,https://corporate.evonik.com/en/company/supervisory-board,German,1961,M,N,N,"Finance and Investment, Innovation",,Y,2014,N,
Evonik,Hussin El Moussaoui,https://corporate.evonik.com/en/company/supervisory-board,"German, Moroccan",1967,M,N,N,Innovation,,Y,2019,N,
Evonik,Martina Reisch,https://corporate.evonik.com/en/company/supervisory-board,German,1969,F,N,N,Innovation,,Y,2019,N,
Evonik,Gerhard Ribbeheger,https://corporate.evonik.com/en/company/supervisory-board,German,1965,M,N,N,"Finance and Investment, Innovation",,Y,2021,N,
Evonik,Thomas Sauer,https://corporate.evonik.com/en/company/supervisory-board,German,1961,M,Y,N,Audit,,Y,2018,N,
Evonik,Gerd Schlengermann,https://corporate.evonik.com/en/company/supervisory-board,German,1965,M,N,N,,,Y,2022,N,
Knorr-Bremse,Klaus Mangold,https://de.wikipedia.org/wiki/Klaus_Mangold,German,1943,M,Y,Y,"Audit, Executive, Mediation, Nomination","Executive, Mediation, Nomination",N,2018,N,Chairman of supervisory board
Knorr-Bremse,Franz-Josef Birkeneder,https://www.knorr-bremse.com/en/company/management/content-page-8.json,German,1960,M,N,N,"Audit, Executive, Mediation",,Y,2016,N,
Knorr-Bremse,Kathrin Dahnke,https://www.knorr-bremse.com/en/company/management/content-page-29.json,German,1960,F,N,N,"Audit, Mediation, Nomination",Audit,N,2018,N,
Knorr-Bremse,Thomas Enders,https://www.knorr-bremse.com/en/company/management/content-page-67.json,German,1958,M,Y,N,,,N,2020,N,
Knorr-Bremse,Michael Jell,https://www.knorr-bremse.com/en/company/management/content-page-10.json,German,1963,M,N,N,"Executive, Mediation",,Y,2014,N,
Knorr-Bremse,Werner Ratzisberger,https://www.knorr-bremse.com/en/company/management/content-page-60.json,German,1967,M,N,N,Audit,,Y,2006,N,
Knorr-Bremse,Annemarie Sedlmair,https://www.knorr-bremse.com/en/company/management/annemarie-sedlmair.json,German,1987,F,N,N,,,Y,2019,N,
Knorr-Bremse,Stefan Sommer,https://www.knorr-bremse.com/en/company/management/content-page-66.json,German,1963,M,Y,N,,,N,2021,N,
Knorr-Bremse,Erich Starkl,https://www.knorr-bremse.com/en/company/management/content-page-63.json,German,1962,M,N,N,,,Y,2014,N,
Knorr-Bremse,Julia Thiele-Schürhoff,https://www.knorr-bremse.com/en/company/management/content-page-65.json,German,1971,F,N,N,Nomination,,N,2016,Y,"Between 2008 and 2014, Ms Thiele-Schürhoff built up and managed the Group's Sustainability unit."
Knorr-Bremse,Sylvia Walter,https://www.knorr-bremse.com/en/company/management/content-page-68.json,German,1965,F,N,N,,,Y,2021,N,
Knorr-Bremse,Theodor Weimer,https://www.knorr-bremse.com/en/company/management/content-page-64.json,German,1959,M,Y,N,,,N,2020,N,
Nemetschek,Kurt Dobitsch,https://www.nemetschek.com/sites/default/files/documents/CV_KD_EN_2022.pdf,Austrian,1954,M,N,N,,,N,1998,N,Chairman of supervisory board
Nemetschek,Georg Nemetschek,https://www.nemetschek.com/sites/default/files/documents/CV_GN_EN_2022.pdf,German,1934,M,Y,Y,,,N,2001,N,
Nemetschek,Rüdiger Herzog,https://www.nemetschek.com/sites/default/files/documents/CV_RH_EN_2022.pdf,German,1950,M,N,N,,,N,2003,N,
Nemetschek,Bill Krouch,https://www.nemetschek.com/sites/default/files/documents/CV_BK_EN_2022.pdf,American,1959,M,N,N,,,N,2018,N,
Talanx,Herbert Haas,https://www.talanx.com/media/Files/talanx-gruppe/aufsichtsrat/haas-en.pdf,German,1954,M,N,N,"Audit, Finance, Nomination, Personnel, Standing","Audit, Finance, Nomination, Personnel, Standing",N,2018,N,Chairman of supervisory board
Talanx,Ralf Rieger,https://www.talanx.com/media/Files/talanx-gruppe/aufsichtsrat/rieger-en.pdf,German,1962,M,N,N,"Audit, Finance, Standing",,Y,2006,N,
Talanx,Thomas Lindner,https://www.talanx.com/media/Files/talanx-gruppe/aufsichtsrat/lindner-en.pdf,German,1951,M,Y,N,"Audit, Finance, Personnel, Standing",,N,2003,N,
Talanx,Antonia Aschendorf,https://www.talanx.com/media/Files/talanx-gruppe/aufsichtsrat/aschendorf-en.pdf,German,1963,F,N,N,,,N,2011,N,
Talanx,Benita Bierstedt,https://www.talanx.com/media/Files/talanx-gruppe/aufsichtsrat/bierstedt-en.pdf,German,1963,F,N,N,,,Y,2019,N,
Talanx,Rainer-Karl Bock-Wehr,https://www.talanx.com/media/Files/talanx-gruppe/aufsichtsrat/bock-wehr-en.pdf,German,1960,M,N,N,,,Y,2019,N,
Talanx,Sebastian Gascard,https://www.talanx.com/media/Files/talanx-gruppe/aufsichtsrat/gascard-en.pdf,German,1964,M,N,N,,,Y,2019,N,
Talanx,Jutta Hammer,https://www.talanx.com/media/Files/talanx-gruppe/aufsichtsrat/hammer-en.pdf,German,1968,F,N,N,"Audit, Finance",,Y,2011,N,
Talanx,Hermann Jung,https://www.talanx.com/media/Files/talanx-gruppe/aufsichtsrat/jung-en.pdf,German,1955,M,Y,N,"Audit, Finance",,N,2013,N,
Talanx,Dirk Lohmann,https://www.talanx.com/media/Files/talanx-gruppe/aufsichtsrat/lohmann-en.pdf,German,1958,M,N,N,Nomination,,N,2013,N,
Talanx,Christoph Meister,https://www.talanx.com/media/Files/talanx-gruppe/aufsichtsrat/meister-en.pdf,German,1965,M,N,N,,,Y,2014,N,
Talanx,Jutta Mück,https://www.talanx.com/media/Files/talanx-gruppe/aufsichtsrat/mueck-en.pdf,German,1962,F,N,N,Personnel,,Y,2009,N,
Talanx,Erhard Schipporeit,https://www.talanx.com/media/Files/talanx-gruppe/aufsichtsrat/schipporeit-en.pdf,German,1949,M,Y,N,"Audit, Finance",,N,2003,N,
Talanx,Jens Schubert,https://www.talanx.com/media/Files/talanx-gruppe/aufsichtsrat/schubert-en.pdf,German,1969,M,Y,Y,Standing,,N,2014,N,
Talanx,Norbert Steiner,https://www.talanx.com/media/Files/talanx-gruppe/aufsichtsrat/steiner-en.pdf,German,1954,M,N,N,Personnel,,N,2013,N,
Talanx,Angela Titzrath,https://www.talanx.com/media/Files/talanx-gruppe/aufsichtsrat/titzrath-en.pdf,German,1966,F,N,N,Standing,,N,2018,N,
Rheinmetall,Ulrich Grillo,https://www.rheinmetall.com/en/rheinmetall_ag/group/gremien/supervisoryboard_1/biografien_neu/biografie_grillo.php,German,1959,M,N,N,"Audit, Mediation, Nomination, Personnel, Strategy","Mediation, Nomination, Personnel, Strategy",N,2016,N,Chairman of supervisory board
Rheinmetall,Sahin Albayrak,https://www.rheinmetall.com/en/rheinmetall_ag/group/gremien/supervisoryboard_1/biografien_neu/biografie_albayrak.php,"German, Turkish",1958,M,Y,Y,Strategy,,N,2021,N,
Rheinmetall,Klaus Draeger,https://www.rheinmetall.com/en/rheinmetall_ag/group/gremien/supervisoryboard_1/biografien_neu/biografie_georgi_1.php,German,1956,M,Y,N,Strategy,,N,2017,N,
Rheinmetall,Andreas Georgi,https://www.rheinmetall.com/en/rheinmetall_ag/group/gremien/supervisoryboard_1/biografien_neu/index~3.php,German,1957,M,Y,Y,"Audit, Mediation, Personnel",Audit,N,2002,N,
Rheinmetall,Britta Giesen,https://www.rheinmetall.com/en/rheinmetall_ag/group/gremien/supervisoryboard_1/biografien_neu/biografie_giesen.php,German,1966,F,Y,Y,Strategy,,N,2021,N,
Rheinmetall,Susanne Hannemann,https://www.rheinmetall.com/en/rheinmetall_ag/group/gremien/supervisoryboard_1/biografien_neu/index~4.php,German,1964,F,Y,Y,Audit,,N,2012,N,
Rheinmetall,Franz Jung,https://www.rheinmetall.com/en/rheinmetall_ag/group/gremien/supervisoryboard_1/biografien_neu/biografie_jung.php,German,1949,M,Y,N,Nomination,,N,2017,N,
Rheinmetall,Klaus-Günter Vennemann,https://www.rheinmetall.com/en/rheinmetall_ag/group/gremien/supervisoryboard_1/biografien_neu/biografie_vennemann.php,German,1954,M,N,N,Nomination,,N,2016,N,
Rheinmetall,Daniel Hay,https://www.rheinmetall.com/en/rheinmetall_ag/group/gremien/supervisoryboard_1/biografien_neu/index~5.php,German,1979,M,Y,N,"Audit, Mediation, Personnel, Strategy",,Y,2014,N,
Rheinmetall,Ralf Bolm,https://www.rheinmetall.com/en/rheinmetall_ag/group/gremien/supervisoryboard_1/biografien_neu/index.php,German,1964,M,N,N,Audit,,Y,2020,N,
Rheinmetall,Michael Mielke,https://www.rheinmetall.com/en/rheinmetall_ag/group/gremien/supervisoryboard_1/biografien_neu/index~7.php,German,1964,M,Y,N,,,Y,2010,N,
Rheinmetall,Reinhard Müller,https://www.rheinmetall.com/en/rheinmetall_ag/group/gremien/supervisoryboard_1/biografien_neu/biografie_goll.php,German,1960,M,N,N,"Mediation, Personnel",,Y,2017,N,
Rheinmetall,Dagmar Muth,https://www.rheinmetall.com/en/rheinmetall_ag/group/gremien/supervisoryboard_1/biografien_neu/index~8.php,German,1961,F,N,N,Strategy,,Y,2015,N,
Rheinmetall,Barbara Resch,https://www.rheinmetall.com/en/rheinmetall_ag/group/gremien/supervisoryboard_1/biografien_neu/index~6.php,German,1975,F,N,N,,,Y,2020,N,
Rheinmetall,Markus Schaubel,https://www.rheinmetall.com/en/rheinmetall_ag/group/gremien/supervisoryboard_1/biografien_neu/index~2.php,German,1963,M,N,N,Strategy,,Y,2014,N,
Rheinmetall,Sven Schmidt,https://www.rheinmetall.com/en/rheinmetall_ag/group/gremien/supervisoryboard_1/biografien_neu/index~1.php,German,1975,M,N,N,"Audit, Strategy",,Y,2014,N,
Commerzbank,Helmut Gottschalk,https://www.commerzbank.com/media/en/konzern_1/konzerninfo/aufsicht/cv_2/Gottschalk_Helmut_CV_de_pp.pdf,German,1951,M,N,N,"Audit, Compensation, Mediation, Nomination, Presiding, Risk","Compensation, Mediation, Nomination, Presiding",N,2021,N,Chairman of supervisory board
Commerzbank,Uwe Tschäge,https://www.commerzbank.com/media/en/konzern_1/konzerninfo/aufsicht/cv_2/tschaege_cv.pdf,German,1967,M,N,N,"Compensation, Mediation, Nomination, Presiding, Sustainability",,Y,2003,N,
Commerzbank,Heike Anscheit,https://www.commerzbank.com/media/en/konzern_1/konzerninfo/aufsicht/cv_2/anscheit_cv.pdf,German,1971,F,N,N,Special,,Y,2017,N,
Commerzbank,Alexander Boursanoff,https://www.commerzbank.com/media/en/konzern_1/konzerninfo/aufsicht/cv_2/20180507_Boursanoff_Alexander_CV_de_pp.pdf,"German, Greek",1963,M,N,N,,,Y,2018,N,
Commerzbank,Gunnar de Buhr,https://www.commerzbank.com/media/en/konzern_1/konzerninfo/aufsicht/cv_2/de_buhr_cv.pdf,German,1967,M,N,N,"Audit, Special",,Y,2013,N,
Commerzbank,Stefan Burghardt,https://www.commerzbank.com/media/en/konzern_1/konzerninfo/aufsicht/cv_2/burghardt_cv.pdf,German,1959,M,N,N,"Risk, Sustainability",,Y,2013,N,
Commerzbank,Frank Czichowski,https://www.commerzbank.com/media/en/konzern_1/konzerninfo/aufsicht/cv_2/Czichowski_Frank_CV_de_pp.pdf,German,1960,M,Y,N,"Risk, Sustainability",,N,2020,N,
Commerzbank,Sabine Dietrich,https://www.commerzbank.com/media/en/konzern_1/konzerninfo/aufsicht/cv_2/dietrich_cv.pdf,German,1960,F,N,N,"Special, Sustainability",Special,N,2015,N,
Commerzbank,Jutta Dönges,https://www.commerzbank.com/media/en/konzern_1/konzerninfo/aufsicht/cv_2/Doenges_Jutta_CV_de_pp.pdf,German,1973,F,Y,N,"Audit, Compensation, Mediation, Nomination, Presiding",,N,2020,N,
Commerzbank,Monika Fink,https://www.commerzbank.com/media/en/konzern_1/konzerninfo/aufsicht/cv_2/20180507_Fink_Monika_CV_de_pp.pdf,German,1969,F,N,N,Audit,,Y,2018,N,
Commerzbank,Stefan Jennes,https://www.commerzbank.com/media/en/konzern_1/konzerninfo/aufsicht/cv_2/Jennes_Stefan_CV_de_pp.pdf,German,1965,M,N,N,,,Y,2018,N,
Commerzbank,Kerstin Jerchel,https://www.commerzbank.com/media/en/konzern_1/konzerninfo/aufsicht/cv_2/20180507_Jerchel_Kerstin_CV_de_pp.pdf,German,1971,F,N,N,"Audit, Sustainability",,Y,2018,N,
Commerzbank,Burkhard Keese,https://www.commerzbank.com/media/en/konzern_1/konzerninfo/aufsicht/cv_2/Keese_Burkhard_CV.pdf,German,1966,M,N,N,"Audit, Risk",Audit,N,2021,N,
Commerzbank,Alexandra Krieger,https://www.commerzbank.com/media/en/konzern_1/konzerninfo/aufsicht/cv_2/krieger_cv.pdf,German,1970,F,N,N,,,Y,2008,N,
Commerzbank,Daniela Mattheus,https://www.commerzbank.com/media/en/konzern_1/konzerninfo/aufsicht/cv_2/Mattheus_Daniela_CV_de_2seitig.pdf,German,1972,F,N,N,Special,,N,2021,N,
Commerzbank,Caroline Seifert,https://www.commerzbank.com/media/en/konzern_1/konzerninfo/aufsicht/cv_2/Seifert_Caroline_CV_de_2seitig.pdf,German,1966,F,N,N,Special,,N,2021,N,
Commerzbank,Robin Stalker,https://www.commerzbank.com/media/en/konzern_1/konzerninfo/aufsicht/cv_2/20180507_Stalker_Robin_CV_de_pp.pdf,New Zealand,1958,M,N,N,"Audit, Risk, Sustainability",,N,2018,Y,"Extensive experience and knowledge in the field of ESG (e.g. through his chairmanship of the Board of
Trustees at Accounting for Sustainability, London)"
Commerzbank,Gertrude Tumpel-Gugerell,https://www.commerzbank.com/media/en/konzern_1/konzerninfo/aufsicht/cv_2/tumpel_gugerell.pdf,Austrian,1952,F,Y,N,"Audit, Nomination, Presiding, Sustainability",Sustainability,N,2012,N,
Commerzbank,Frank Westhoff,https://www.commerzbank.com/media/en/konzern_1/konzerninfo/aufsicht/cv_2/Westhoff_Frank_CV_de_2seitig.pdf,German,1961,M,N,N,"Audit, Compensation, Risk",Risk,N,2021,N,
Commerzbank,Stefan Wittmann,https://www.commerzbank.com/media/en/konzern_1/konzerninfo/aufsicht/cv_2/20211230_Wittmann_Ralf_CV_de_pp.pdf,German,1968,M,N,N,"Compensation, Mediation, Nomination, Presiding, Sustainability",,Y,2018,N,
Lufthansa,Karl-Ludwig Kley,https://investor-relations.lufthansagroup.com/fileadmin/downloads/en/corporate-governance/supervisory-board/Kley-202112_01.pdf,German,1951,M,Y,N,"Mediation, Nomination, Remuneration, Steering","Mediation, Nomination, Remuneration, Steering",N,2013,N,Chairman of the supervisory board
Lufthansa,Christine Behle,https://investor-relations.lufthansagroup.com/fileadmin/downloads/en/corporate-governance/supervisory-board/Behle-202104.pdf,German,1968,F,N,N,Mediation,,Y,2013,N,
Lufthansa,Alexander Behrens,https://investor-relations.lufthansagroup.com/fileadmin/downloads/en/corporate-governance/supervisory-board/Behrens-202104.pdf,German,1974,M,N,N,Audit,,Y,2018,N,
Lufthansa,Jörg Cebulla,https://investor-relations.lufthansagroup.com/fileadmin/downloads/en/corporate-governance/supervisory-board/Cebulla-202104.pdf,German,1966,M,N,N,Audit,,Y,2015,N,
Lufthansa,Erich Clementi,https://investor-relations.lufthansagroup.com/fileadmin/downloads/en/corporate-governance/supervisory-board/Clementi-202104.pdf,"American, Italian",1958,M,N,N,,,N,2020,N,
Lufthansa,Thomas Enders,https://investor-relations.lufthansagroup.com/fileadmin/downloads/en/corporate-governance/supervisory-board/Enders-202109.pdf,German,1958,M,Y,N,"Mediation, Nomination, Remuneration, Steering",,N,2020,N,
Lufthansa,Jürgen Jennerke,https://investor-relations.lufthansagroup.com/fileadmin/downloads/en/corporate-governance/supervisory-board/Jennerke-202104.pdf,German,1964,M,N,N,,,Y,2020,N,
Lufthansa,Michael Kerkloh,https://investor-relations.lufthansagroup.com/fileadmin/downloads/en/corporate-governance/supervisory-board/Kerkloh-202201.pdf,German,1953,M,Y,N,Audit,,N,2020,N,
Lufthansa,Carsten Knobel,https://investor-relations.lufthansagroup.com/fileadmin/downloads/en/corporate-governance/supervisory-board/Knobel-202105.pdf,German,1969,M,N,N,Audit,,N,2018,N,
Lufthansa,Holger Koch,https://investor-relations.lufthansagroup.com/fileadmin/downloads/en/corporate-governance/supervisory-board/Koch-202104.pdf,German,1976,M,Y,N,,,Y,2018,N,
Lufthansa,Harald Krüger,https://investor-relations.lufthansagroup.com/fileadmin/downloads/en/corporate-governance/supervisory-board/Krueger-202104.pdf,German,1965,M,N,N,"Audit, Nomination",Audit,N,2020,N,
Lufthansa,Birgit Rohleder,https://investor-relations.lufthansagroup.com/fileadmin/downloads/en/corporate-governance/supervisory-board/Rohleder-202104.pdf,German,1960,F,N,N,,,Y,2018,N,
Lufthansa,Miriam Sapiro,https://investor-relations.lufthansagroup.com/fileadmin/downloads/en/corporate-governance/supervisory-board/Sapiro-202109.pdf,American,1960,F,N,N,,,N,2017,N,
Lufthansa,Ilja Schulz,https://investor-relations.lufthansagroup.com/fileadmin/downloads/en/corporate-governance/supervisory-board/Schulz-202112.pdf,German,1967,M,N,N,"Mediation, Remuneration, Steering",,Y,2018,N,
Lufthansa,Britta Seeger,https://investor-relations.lufthansagroup.com/fileadmin/downloads/en/corporate-governance/supervisory-board/Seeger-202201_01.pdf,German,1969,F,N,N,,,N,2021,N,
Lufthansa,Birgit Spineux,https://investor-relations.lufthansagroup.com/fileadmin/downloads/en/corporate-governance/supervisory-board/Spineux-202104.pdf,German,1965,F,N,N,,,Y,2021,N,
Lufthansa,Astrid Stange,https://investor-relations.lufthansagroup.com/fileadmin/downloads/en/corporate-governance/supervisory-board/Stange-202201.pdf,German,1965,F,Y,N,,,N,2020,N,
Lufthansa,Olivia Stelz,https://investor-relations.lufthansagroup.com/fileadmin/downloads/en/corporate-governance/supervisory-board/Stelz-202105.pdf,German,1971,F,N,N,,,Y,2018,N,
Lufthansa,Angela Titzrath,https://investor-relations.lufthansagroup.com/fileadmin/downloads/en/corporate-governance/supervisory-board/Titzrath-202105.pdf,German,1966,F,N,N,,,N,2020,N,
Lufthansa,Klaus Winkler,https://investor-relations.lufthansagroup.com/fileadmin/downloads/en/corporate-governance/supervisory-board/Winkler-202104.pdf,German,1973,M,N,N,Audit,,Y,2018,N,
Uniper,Markus Rauramo,https://ir.uniper.energy/websites/uniper/English/6200/supervisory-board.html,Finnish,1968,M,N,N,"Executive, Nomination","Executive, Nomination",N,2018,N,Chairman of the board
Uniper,Bernhard Günther,https://ir.uniper.energy/websites/uniper/English/6200/supervisory-board.html,German,1967,M,Y,N,"Audit and Risk, Executive, Nomination",,N,2020,N,
Uniper,Werner Brinker,https://ir.uniper.energy/websites/uniper/English/6200/supervisory-board.html,German,1952,M,Y,Y,"Executive, Nomination",,N,2020,N,
Uniper,Judith Buss,https://ir.uniper.energy/websites/uniper/English/6200/supervisory-board.html,German,1968,F,N,N,Audit and Risk,Audit and Risk,N,2021,N,
Uniper,Esa Hyvärinen,https://ir.uniper.energy/websites/uniper/English/6200/supervisory-board.html,Finnish,1967,M,N,N,,,N,2021,N,
Uniper,Nora Steiner-Forsberg,https://ir.uniper.energy/websites/uniper/English/6200/supervisory-board.html,Finnish,1973,F,N,N,,,N,2021,N,
Uniper,Harald Seegatz,https://ir.uniper.energy/websites/uniper/English/6200/supervisory-board.html,German,1969,M,N,N,Executive,,Y,2016,N,
Uniper,Oliver Biniek,https://ir.uniper.energy/websites/uniper/English/6200/supervisory-board.html,German,1967,M,N,N,Audit and Risk,,Y,2016,N,
Uniper,Barbara Jagodzinski,https://ir.uniper.energy/websites/uniper/English/6200/supervisory-board.html,German,1959,F,N,N,Executive,,Y,2016,N,
Uniper,Victoria Kulambi,https://ir.uniper.energy/websites/uniper/English/6200/supervisory-board.html,British,1983,F,N,N,,,Y,2021,N,
Uniper,André Muilwijk,https://ir.uniper.energy/websites/uniper/English/6200/supervisory-board.html,Dutch,1961,M,N,N,Audit and Risk,,Y,2016,N,
Uniper,Immo Schlepper,https://ir.uniper.energy/websites/uniper/English/6200/supervisory-board.html,German,1960,M,N,N,Executive,,Y,2017,N,
Wacker Chemie,Peter-Alexander Wacker,https://www.wacker.com/cms/en-us/about-wacker/wacker-at-a-glance/profile-and-organization/supervisory-board.html,German,1951,M,Y,N,"Audit, Executive, Mediation","Executive, Mediation",N,2008,N,Chairman of the supervisory board
Wacker Chemie,Andreas Biagosch,https://www.wacker.com/cms/en-us/about-wacker/wacker-at-a-glance/profile-and-organization/supervisory-board.html,German,1955,M,Y,Y,,,N,2015,N,
Wacker Chemie,Gregor Biebl,https://www.wacker.com/cms/en-us/about-wacker/wacker-at-a-glance/profile-and-organization/supervisory-board.html,German,1968,M,Y,N,,,N,2013,N,
Wacker Chemie,Matthias Biebl,https://www.wacker.com/cms/en-us/about-wacker/wacker-at-a-glance/profile-and-organization/supervisory-board.html,German,1966,M,N,N,,,N,2008,N,
Wacker Chemie,Franz-Josef Kortüm,https://www.wacker.com/cms/en-us/about-wacker/wacker-at-a-glance/profile-and-organization/supervisory-board.html,German,1950,M,N,N,"Audit, Executive, Mediation",Audit,N,2001,N,
Wacker Chemie,Ann-Sophie Wacker,https://www.wacker.com/cms/en-us/about-wacker/wacker-at-a-glance/profile-and-organization/supervisory-board.html,German,1988,F,N,N,,,N,2018,N,
Wacker Chemie,Susanne Weiss,https://www.wacker.com/cms/en-us/about-wacker/wacker-at-a-glance/profile-and-organization/supervisory-board.html,German,1961,F,Y,N,,,N,2008,N,
Wacker Chemie,Ernst-Ludwig Winnacker,https://www.wacker.com/cms/en-us/about-wacker/wacker-at-a-glance/profile-and-organization/supervisory-board.html,German,1941,M,Y,Y,,,N,2005,N,
Wacker Chemie,Manfred Köppl,https://www.wacker.com/cms/en-us/about-wacker/wacker-at-a-glance/profile-and-organization/supervisory-board.html,German,1971,M,N,N,"Audit, Executive, Mediation",,Y,2003,N,
Wacker Chemie,Peter Áldozó,https://www.wacker.com/cms/en-us/about-wacker/wacker-at-a-glance/profile-and-organization/supervisory-board.html,German,1960,M,N,N,,,Y,1998,N,
Wacker Chemie,Markus Hautmann,https://www.wacker.com/cms/en-us/about-wacker/wacker-at-a-glance/profile-and-organization/supervisory-board.html,German,1971,M,N,N,,,Y,2021,N,
Wacker Chemie,Ingrid Heindl,https://www.wacker.com/cms/en-us/about-wacker/wacker-at-a-glance/profile-and-organization/supervisory-board.html,German,1977,F,N,N,,,Y,2018,N,
Wacker Chemie,Eduard-Harald Klein,https://www.wacker.com/cms/en-us/about-wacker/wacker-at-a-glance/profile-and-organization/supervisory-board.html,German,1961,M,N,N,Mediation,,Y,2003,N,
Wacker Chemie,Barbara Kraller,https://www.wacker.com/cms/en-us/about-wacker/wacker-at-a-glance/profile-and-organization/supervisory-board.html,German,1980,F,N,N,,,Y,2017,N,
Wacker Chemie,Beate Rohrig,https://www.wacker.com/cms/en-us/about-wacker/wacker-at-a-glance/profile-and-organization/supervisory-board.html,German,1965,F,N,N,,,Y,2019,N,
Wacker Chemie,Birgit Schwab,https://www.wacker.com/cms/en-us/about-wacker/wacker-at-a-glance/profile-and-organization/supervisory-board.html,German,1972,F,N,N,,,Y,2020,N,
KION Group,Michael Macht,https://www.kiongroup.com/KION-Website-Main/About-us/Management/Supervisory-Board-CVs/Macht-CV.pdf,German,1960,M,Y,N,"Audit, Executive, Mediation, Nomination, Remuneration","Executive, Mediation, Nomination, Remuneration",N,2018,N,Chairman of supervisory board
KION Group,Özcan Pancarci,https://www.kiongroup.com/KION-Website-Main/About-us/Management/Supervisory-Board-CVs/Pancarci-CV.pdf,German,1969,M,N,N,"Executive, Mediation, Remuneration",,Y,2013,N,
KION Group,Birgit Behrendt,https://www.kiongroup.com/KION-Website-Main/About-us/Management/Supervisory-Board-CVs/Behrendt-CV.pdf,German,1959,F,N,N,Nomination,,N,2015,N,
KION Group,Stefan Casper,https://www.kiongroup.com/KION-Website-Main/About-us/Management/Supervisory-Board-CVs/Casper-CV.pdf,German,1966,M,N,N,,,Y,2017,N,
KION Group,Alexander Dibelius,https://www.kiongroup.com/KION-Website-Main/About-us/Management/Supervisory-Board-CVs/Dibelius-CV.pdf,German,1959,M,N,N,"Executive, Nomination",,N,2007,N,
KION Group,Martin Fahrendorf,https://www.kiongroup.com/KION-Website-Main/About-us/Management/Supervisory-Board-CVs/Fahrendorf-CV.pdf,German,1965,M,N,N,,,Y,2018,N,
KION Group,Jiang Kui,https://www.kiongroup.com/KION-Website-Main/About-us/Management/Supervisory-Board-CVs/Kui-CV.pdf,Chinese,1964,M,N,N,"Executive, Nomination, Remuneration",,N,2012,N,
KION Group,Jörg Milla,https://www.kiongroup.com/KION-Website-Main/About-us/Management/Supervisory-Board-CVs/Milla-CV.pdf,German,1967,M,N,N,"Audit, Mediation",,Y,2015,N,
KION Group,Olaf Kunz,https://www.kiongroup.com/KION-Website-Main/About-us/Management/Supervisory-Board-CVs/Kunz-CV.pdf,German,1960,M,N,N,Executive,,Y,2014,N,
KION Group,Christina Reuter,https://www.kiongroup.com/KION-Website-Main/About-us/Management/Supervisory-Board-CVs/Reuter-CV.pdf,German,1985,F,Y,N,,,N,2016,Y,"Leading Sustainable Operations at Airbus Defence and Space GmbH in
Taufkirchen, Germany"
KION Group,Hans Ring,https://www.kiongroup.com/KION-Website-Main/About-us/Management/Supervisory-Board-CVs/Ring-CV.pdf,German,1951,M,N,N,"Audit, Executive, Mediation, Remuneration",Audit,N,2013,N,
KION Group,Alexandra Schädler,https://www.kiongroup.com/KION-Website-Main/About-us/Management/Supervisory-Board-CVs/Schaedler-CV.pdf,German,1971,F,N,N,"Audit, Mediation",,Y,2013,N,
KION Group,Frank Schepp,https://www.kiongroup.com/KION-Website-Main/About-us/Management/Supervisory-Board-CVs/Schepp-CV.pdf,German,1970,M,Y,N,,,Y,2017,N,
KION Group,Tan Xuguang,https://www.kiongroup.com/KION-Website-Main/About-us/Management/Supervisory-Board-CVs/Xuguang-CV.pdf,Chinese,1961,M,Y,N,,,N,2019,N,
KION Group,Claudia Wenzel,https://www.kiongroup.com/KION-Website-Main/About-us/Management/Supervisory-Board-CVs/Wenzel-CV.pdf,German,1966,F,N,N,Executive,,Y,2016,N,
KION Group,Xu Ping,https://www.kiongroup.com/KION-Website-Main/About-us/Management/Supervisory-Board-CVs/Ping-CV.pdf,Chinese,1972,F,N,N,,,N,2015,N,
LEG Immobilien,Michael Zimmer,https://www.leg-wohnen.de/en/corporation/leg-group/members-of-the-management-and-supervisory-board/michael-zimmer,German,1963,M,N,N,"Executive, Nomination","Executive, Nomination",N,2020,N,Chairman of supervisory board
LEG Immobilien,Stefan Jütte,https://www.leg-wohnen.de/en/corporation/leg-group/members-of-the-management-and-supervisory-board/stefan-juette,German,1946,M,N,N,"Executive, Nomination",,N,2020,N,
LEG Immobilien,Johannes Ludewig,https://www.leg-wohnen.de/en/corporation/leg-group/members-of-the-management-and-supervisory-board/dr-johannes-ludewig,German,1945,M,Y,N,"Executive, Nomination",,N,2020,N,
LEG Immobilien,Claus Nolting,https://www.leg-wohnen.de/en/corporation/leg-group/members-of-the-management-and-supervisory-board/dr-claus-nolting,German,1951,M,Y,N,Audit and Risk,Audit and Risk,N,2020,N,
LEG Immobilien,Jochen Scharpe,https://www.leg-wohnen.de/en/corporation/leg-group/members-of-the-management-and-supervisory-board/dr-jochen-scharpe,German,1959,M,Y,N,Audit and Risk,,N,2020,N,
LEG Immobilien,Martin Wiesmann,https://www.leg-wohnen.de/en/corporation/leg-group/members-of-the-management-and-supervisory-board/martin-wiesmann,German,1965,M,N,N,Audit and Risk,,N,2020,N,
LEG Immobilien,Sylvia Eichelberg,https://www.leg-wohnen.de/en/corporation/leg-group/members-of-the-management-and-supervisory-board/dr-sylvia-eichelberg,German,1979,F,N,N,,,N,2021,N,
Telefonica Deutschland,Peter Löscher,https://www.telefonica.de/investor-relations-en/company/supervisory-board.html,Austrian,1957,M,N,N,"Mediation, Nomination, Special","Mediation, Nomination, Special",N,2020,N,Chairman of supervisory board
Telefonica Deutschland,Christoph Braun,https://www.telefonica.de/investor-relations-en/company/supervisory-board.html,German,1965,M,N,N,"Mediation, Special",,Y,2016,N,
Telefonica Deutschland,Martin Butz,https://www.telefonica.de/investor-relations-en/company/supervisory-board.html,German,1970,M,N,N,Audit,,Y,2018,N,
Telefonica Deutschland,Pablo González,https://www.telefonica.de/investor-relations-en/company/supervisory-board.html,Spanish,1963,M,N,N,"Nomination, Special",,N,2018,N,
Telefonica Deutschland,María Ponce,https://www.telefonica.de/investor-relations-en/company/supervisory-board.html,Spanish,1970,F,N,N,Remuneration,,N,2018,N,
Telefonica Deutschland,Ernesto Gardelliano,https://www.telefonica.de/investor-relations-en/company/supervisory-board.html,Argentinian,1962,M,N,N,"Audit, Nomination",,N,2020,N,
Telefonica Deutschland,Cansever Heil,https://www.telefonica.de/investor-relations-en/company/supervisory-board.html,German,1968,F,N,N,,,Y,2019,N,
Telefonica Deutschland,Christoph Heil,https://www.telefonica.de/investor-relations-en/company/supervisory-board.html,German,1965,M,N,N,Mediation,,Y,2019,N,
Telefonica Deutschland,Michael Hoffmann,https://www.telefonica.de/investor-relations-en/company/supervisory-board.html,German,1961,M,N,N,"Audit, Remuneration, Special","Audit, Remuneration",N,2012,N,
Telefonica Deutschland,Julio López,https://www.telefonica.de/investor-relations-en/company/supervisory-board.html,Spanish,1945,M,N,N,Mediation,,N,2017,N,
Telefonica Deutschland,Stefanie Oeschger,https://www.telefonica.de/investor-relations-en/company/supervisory-board.html,German,1969,F,N,N,,,N,2020,N,
Telefonica Deutschland,Thomas Pfeil,https://www.telefonica.de/investor-relations-en/company/supervisory-board.html,German,1966,M,N,N,"Audit, Special",,Y,2013,N,
Telefonica Deutschland,Joachim Rieger,https://www.telefonica.de/investor-relations-en/company/supervisory-board.html,German,1967,M,N,N,,,Y,2014,N,
Telefonica Deutschland,Jaime Basterra,https://www.telefonica.de/investor-relations-en/company/supervisory-board.html,Spanish,1965,M,N,N,,,N,2022,N,
Telefonica Deutschland,Jan-Erik Walter,https://www.telefonica.de/investor-relations-en/company/supervisory-board.html,German,1961,M,Y,N,Remuneration,,Y,2013,N,
Telefonica Deutschland,Claudia Weber,https://www.telefonica.de/investor-relations-en/company/supervisory-board.html,German,1966,F,N,N,Remuneration,,Y,2013,N,
RATIONAL,Walter Kurtz,https://www.marketscreener.com/business-leaders/Walter-Kurtz-8620/biography/,German,1945,M,N,N,Audit,,N,1998,N,Chairman of supervisory board
RATIONAL,Hans Maerz,https://www.marketscreener.com/business-leaders/Hans-Maerz-0CK9VF-E/biography/,German,1946,M,Y,N,Audit,Audit,N,2011,N,
RATIONAL,Erich Baumgärtner,https://www.marketscreener.com/business-leaders/Erich-Baumgartner-0H1JBF-E/biography/,German,1954,M,N,N,Audit,,N,2017,N,
RATIONAL,Gerd Lintz,https://www.marketscreener.com/business-leaders/Gerd-Lintz-0FT88W-E/biography/,German,1945,M,Y,N,,,N,2015,N,
RATIONAL,Werner Schwind,https://www.marketscreener.com/business-leaders/Werner-Schwind-0638QY-E/biography/,German,1956,M,N,N,Audit,,N,2015,N,
RATIONAL,Georg Sick,,German,1955,M,Y,N,,,N,2017,N,
RATIONAL,Johannes Würbser,https://www.marketscreener.com/business-leaders/Johannes-Wuerbser-0L2369-E/biography/,German,1983,M,Y,N,,,N,2019,N,
GEA,Klaus Helmrich,https://www.gea.com/en/binaries/Klaus-Helmrich-EN_tcm11-83280.pdf,German,1958,M,N,N,"Audit, Mediation, Nomination, Presiding","Mediation, Nomination, Presiding",N,2021,N,Chairman of supervisory board
GEA,Colin Hall,https://www.gea.com/en/binaries/Colin-Hall-EN_tcm11-53930.pdf,American,1970,M,N,N,"Nomination, Presiding",,N,2018,N,
GEA,Jürgen Fleischer,https://www.gea.com/en/binaries/Prof-Dr-Jurgen-Fleischer-EN_tcm11-83279.pdf,German,1961,M,Y,Y,"Innovation, Mediation",Innovation,N,2021,N,
GEA,Annette Köhler,https://www.gea.com/en/binaries/Prof-Dr-Annette-G-Kohler-EN_tcm11-83276.pdf,German,1967,F,Y,Y,"Audit, Nomination",Audit,N,2020,N,
GEA,Holly Lei,https://www.gea.com/en/binaries/Holly-Lei-EN_tcm11-83278.pdf,Canadian,1960,F,N,N,,,N,2021,N,
GEA,Jörg Kampmeyer,https://www.gea.com/en/binaries/Jorg-Kampmeyer-EN_tcm11-100870.pdf,German,1968,M,N,N,Innovation,,N,2022,N,
GEA,Rainer Gröbel,https://www.gea.com/en/binaries/Rainer-Grobel-EN_tcm11-38042.pdf,German,1953,M,N,N,"Mediation, Presiding",,Y,2001,N,
GEA,Claudia Claas,https://www.gea.com/en/binaries/Claudia-Claas-EN_tcm11-84211.pdf,German,1965,F,N,N,"Audit, Mediation",,Y,2021,N,
GEA,Roger Falk,https://www.gea.com/en/binaries/Roger-Falk-EN_tcm11-84212.pdf,German,1967,M,N,N,"Innovation, Presiding",,Y,2021,N,
GEA,Michael Kämpfert,https://www.gea.com/en/binaries/Michael-Kampfert-EN_tcm11-38040.pdf,German,1965,M,N,N,,,Y,2006,N,
GEA,Brigitte Krönchen,https://www.gea.com/en/binaries/Brigitte-Kr%C3%B6nchen-EN_tcm11-38037.pdf,German,1963,F,N,N,"Audit, Innovation",,Y,2014,N,
GEA,Cara Röhner,https://www.gea.com/en/binaries/Prof-Dr-Cara-Rohner-EN_tcm11-84213.pdf,German,1987,F,Y,Y,,,Y,2021,N,
Bechtle,Klaus Winkler,https://www.bechtle.com/dam/jcr:90123dfd-a99e-4076-8c4e-4b0b708c9d33/lebenslauf_klaus_winkler.pdf,German,1958,M,N,N,"Audit, Mediation, Personnel","Audit, Mediation, Personnel",N,2018,N,Chairman of supervisory board
Bechtle,Kurt Dobitsch,https://www.bechtle.com/dam/jcr:43eb1f63-60e3-48fe-b274-831e2b0b2e13/lebenslauf_kurt_dobitsch.pdf,German,1955,M,N,N,Audit,,N,1999,N,
Bechtle,Lars Grünert,https://www.bechtle.com/dam/jcr:e807139a-90de-4c31-97d8-47f101a829a8/lebenslauf_lars_gruenert.pdf,German,1959,M,Y,N,,,N,,N,
Bechtle,Thomas Hess,https://www.bechtle.com/dam/jcr:0c1b6a7c-7d8f-42d0-928b-21e4363e8275/lebenslauf_thomas_hess.pdf,German,1967,M,Y,Y,"Mediation, Personnel",,N,2012,N,
Bechtle,Sandra Stegmann,https://www.bechtle.com/dam/jcr:2e72aec6-db3e-42bc-8b8b-4d2d49e7cb0a/lebenslauf_sandra_stegmann.pdf,German,,F,N,N,Audit,,N,2016,Y,"Bosch Siemens Hausgeräte, München - Abteilungsleitung Logistik und Umwelt"
Bechtle,Elke Reichart,https://www.bechtle.com/dam/jcr:4e65a4e5-fb4c-4f5c-9fd5-a23c91f2fcb8/lebenslauf_elke_reichart.pdf,German,1966,F,N,N,,,N,2017,N,
Bechtle,Uli Drautz,https://www.bechtle.com/dam/jcr:b0454a36-f43c-465b-89b3-06fca7e96957/lebenslauf_uli_drautz.pdf,German,,M,N,N,"Audit, Mediation, Personnel",,Y,2012,N,
Bechtle,Daniela Eberle,https://www.bechtle.com/dam/jcr:5ff73e61-9c96-4dd3-9dd3-841fd53846ad/lebenslauf_daniela_eberle.pdf,German,,F,N,N,Audit,,Y,,N,
Bechtle,Anton Samija,https://www.bechtle.com/dam/jcr:58f73147-0c76-429e-84f0-76d65390c986/lebenslauf_anton_samija.pdf,German,,M,N,N,,,Y,,N,
Bechtle,Volker Strohfeld,https://www.bechtle.com/dam/jcr:0ddf1a08-e8c6-4a2a-8555-cd4c6db75dfd/lebenslauf_volker_strohfeld.pdf,German,,M,N,N,,,Y,,N,
Bechtle,Michael Unser,https://www.bechtle.com/dam/jcr:81959bf0-b698-45f1-8b38-c3bcc0ac1f00/lebenslauf_michael_unser.pdf,German,,M,N,N,Mediation,,Y,,N,
Bechtle,Anastasia Polidoros,https://www.bechtle.com/dam/jcr:29edef48-43fa-4977-9b5c-d88c06a85405/lebenslauf-anastasia-polidoros.pdf,German,,F,N,N,,,Y,,N,
CTS Eventim,Bernd Kundrun,https://corporate.eventim.de/en/company/management-bodies/,German,1957,M,Y,N,Audit,Audit,N,2010,N,Chairman of supervisory board
CTS Eventim,Jobst Plog,https://corporate.eventim.de/en/company/management-bodies/,German,1941,M,Y,Y,,,N,2006,N,
CTS Eventim,Juliane Thümmel,https://corporate.eventim.de/en/company/management-bodies/,German,1977,F,Y,N,,,N,2016,N,
CTS Eventim,Philipp Westermeyer,https://corporate.eventim.de/en/company/management-bodies/,German,1979,M,N,N,Audit,,N,2022,N,
United Internet,Philipp von Bismarck,https://www.united-internet.de/fileadmin/company/management/CV_Philipp_von_Bismarck.pdf,German,1975,M,N,N,Audit and Risk,,N,2020,N,Chairman of supervisory board
United Internet,Claudia Borgas-Herold,https://www.united-internet.de/fileadmin/company/management/CV_Claudia_Borgas-Herold.pdf,German,1963,F,Y,N,,,N,2020,N,
United Internet,Manuel del Castillo-Olivares,https://www.united-internet.de/fileadmin/company/management/CV_Manuel_Cubero.pdf,Spanish,1963,M,Y,Y,,,N,2020,N,
United Internet,Stefan Rasch,https://www.united-internet.de/fileadmin/company/management/CV_Stefan_Rasch.pdf,German,1962,M,N,N,Audit and Risk,,N,2021,N,
United Internet,Andreas Söffing,https://www.united-internet.de/fileadmin/company/management/CV_Andreas_Soeffing.pdf,German,1962,M,Y,Y,Audit and Risk,Audit and Risk,N,2021,N,
United Internet,Yasmin Weiß,https://www.united-internet.de/fileadmin/user_upload/CV_Yasmin_Weiss.pdf,German,1978,F,Y,Y,,,N,2020,N,
K+S,Andreas Kreimeyer,https://www.kpluss.com/en-us/.pdf/corporate-board-office/supervisory-board/cv-dr-andreas-kreimeyer.pdf,German,1955,M,Y,N,"Audit, Mediation, Nomination, Personnel, Strategy","Mediation, Nomination, Personnel, Strategy",N,2015,N,Chairman of supervisory board
K+S,Ralf Becker,https://www.kpluss.com/en-us/.pdf/corporate-board-office/supervisory-board/cv-ralf-becker.pdf,German,1965,M,N,N,"Audit, Mediation, Personnel, Strategy",,Y,2009,N,
K+S,Petra Adolph,https://www.kpluss.com/en-us/.pdf/corporate-board-office/supervisory-board/cv-petra-adolph.pdf,German,1964,F,N,N,Audit,,Y,2018,N,
K+S,André Bahn,https://www.kpluss.com/en-us/.pdf/corporate-board-office/supervisory-board/cv-andre-bahn.pdf,German,1968,M,N,N,Strategy,,Y,2018,N,
K+S,Jella Benner-Heinacher,https://www.kpluss.com/en-us/.pdf/corporate-board-office/supervisory-board/cv-jella-benner-heinacher.pdf,German,1960,F,N,N,"Audit, Nomination",,N,2003,N,
K+S,Philip von dem Bussche,https://www.kpluss.com/en-us/.pdf/corporate-board-office/supervisory-board/cv-philip-freiherr-von-dem-bussche.pdf,German,1950,M,N,N,"Nomination, Strategy",,N,2015,N,
K+S,Elke Eller,https://www.kpluss.com/en-us/.pdf/corporate-board-office/supervisory-board/cv-dr-elke-eller.pdf,German,1962,F,Y,N,Personnel,,N,2018,N,
K+S,Gerd Grimmig,https://www.kpluss.com/en-us/.pdf/corporate-board-office/supervisory-board/cv-gerd-grimmig.pdf,German,1953,M,N,N,Nomination,,N,2018,N,
K+S,Axel Hartmann,https://www.kpluss.com/en-us/.pdf/corporate-board-office/supervisory-board/cv-axel-hartmann.pdf,German,1958,M,N,N,"Audit, Mediation",,Y,2013,N,
K+S,Markus Heldt,https://www.kpluss.com/en-us/.pdf/corporate-board-office/supervisory-board/cv-markus-heldt.pdf,German,1958,M,N,N,,,N,2021,N,
K+S,Michael Knackmuß,https://www.kpluss.com/en-us/.pdf/corporate-board-office/supervisory-board/cv-michael-knackmuss.pdf,German,1975,M,N,N,Personnel,,Y,2014,N,
K+S,Thomas Kölbl,https://www.kpluss.com/en-us/.pdf/corporate-board-office/supervisory-board/cv-thomas-koelbl.pdf,German,1962,M,N,N,"Audit, Mediation",Audit,N,2017,N,
K+S,Gerd Kübler,https://www.kpluss.com/en-us/.pdf/corporate-board-office/supervisory-board/cv-gerd-kuebler.pdf,German,1967,M,N,N,,,Y,2016,N,
K+S,Rainier van Roessel,https://www.kpluss.com/en-us/.pdf/corporate-board-office/supervisory-board/cv-dr-rainier-van-roessel.pdf,Dutch,1957,M,Y,N,,,N,2020,N,
K+S,Peter Trotha,https://www.kpluss.com/en-us/.pdf/corporate-board-office/supervisory-board/cv-peter-trotha.pdf,German,1983,M,N,N,,,Y,2021,N,
K+S,Brigitte Weitz,https://www.kpluss.com/en-us/.pdf/corporate-board-office/supervisory-board/cv-brigitte-weitz.pdf,German,1963,F,N,N,,,Y,2020,N,
Evotec,Iris Löw-Friedrich,https://www.evotec.com/en/about/supervisory-board,German,1960,F,Y,Y,"Nomination, Remuneration","Nomination, Remuneration",N,2014,N,Chairwoman of supervisory board
Evotec,Roland Sackers,https://www.evotec.com/en/about/supervisory-board,German,1968,M,N,N,"Audit and Compliance, Nomination, Remuneration",Audit and Compliance,N,2019,N,
Evotec,Mario Polywka,https://www.evotec.com/en/about/supervisory-board,British,1963,M,Y,Y,Audit and Compliance,,N,2019,N,
Evotec,Elaine Sullivan,https://www.evotec.com/en/about/supervisory-board,British,1961,F,Y,N,"Nomination, Remuneration",,N,2015,N,
Evotec,Kasim Kutay,https://www.evotec.com/en/about/supervisory-board,British,1965,M,N,N,"Nomination, Remuneration",,N,2020,N,
Evotec,Constanze Ulmer-Eilfort,https://www.evotec.com/en/about/supervisory-board,German,1961,F,Y,N,Audit and Compliance,,N,2021,N,
Aurubis,Fritz Vahrenholt,https://www.aurubis.com/en/about-us/management/supervisory-board/cv-prof-dr-fritz-vahrenholt,German,1949,M,Y,Y,"Mediation, Nomination, Personnel","Mediation, Nomination, Personnel",N,1999,Y,"• 1981–1984: Group leader for air pollution control, waste and environmental sustainability in the Ministry of the Environment, Hessen
• 1984–1990: State Council of the Hamburg Environmental Authority
• 1998–2000: Member of the Executive Board of Deutsche Shell AG, Hamburg (responsible for the areas of chemistry, renewable energy, public relations, environmental protection, electricity business)"
Aurubis,Gunnar Groebler,https://www.aurubis.com/en/about-us/management/supervisory-board/cv-gunnar-groebler,German,1972,M,N,N,"Audit, Nomination, Personnel",,N,2021,N,
Aurubis,Karl Jakob,https://www.aurubis.com/en/about-us/management/supervisory-board/cv-prof-dr-karl-friedrich-jakob,German,1951,M,Y,Y,"Nomination, Technology",Technology,N,2018,N,
Aurubis,Stephan Krümmer,https://www.aurubis.com/en/about-us/management/supervisory-board/cv-dr-stephan-kruemmer,German,1956,M,Y,N,"Audit, Nomination, Technology",Audit,N,2018,N,
Aurubis,Sandra Reich,https://www.aurubis.com/en/about-us/management/supervisory-board/cv-dr-sandra-reich,German,1977,F,Y,N,Audit,,N,2013,N,
Aurubis,Andrea Bauer,https://www.aurubis.com/en/about-us/management/supervisory-board/cv-andrea-bauer,German,1966,F,N,N,"Mediation, Personnel",,N,2018,N,
Aurubis,Stefan Schmidt,https://www.aurubis.com/en/about-us/management/supervisory-board/cv-stefan-schmidt,German,1967,M,N,N,"Nomination, Personnel, Technology",,Y,2018,N,
Aurubis,Deniz Acar,https://www.aurubis.com/en/about-us/management/supervisory-board/cv-deniz-acar,German,1978,F,N,N,Personnel,,Y,2019,N,
Aurubis,Jan Koltze,https://www.aurubis.com/en/about-us/management/supervisory-board/cv-jan-koltze,German,1963,M,N,N,"Audit, Personnel",,Y,2011,N,
Aurubis,Elke Lossin,https://www.aurubis.com/en/about-us/management/supervisory-board/cv-dr-elke-lossin,German,1965,F,Y,N,Audit,,Y,2018,N,
Aurubis,Christian Ehrentraut,https://www.aurubis.com/en/about-us/management/supervisory-board/cv-christian-ehrentraut,German,1965,M,N,N,"Mediation, Technology",,Y,2019,N,
Aurubis,Melf Singer,https://www.aurubis.com/en/about-us/management/supervisory-board/cv-melf-singer,German,1973,M,N,N,Audit,,Y,2018,N,
Sixt,Erich Sixt,https://about.sixt.com/websites/sixt_cc/English/2000/investor-relations.html#Supervisory,German,1944,M,N,N,Nomination,Nomination,N,2021,N,Chairman of the supervisory board
Sixt,Daniel Terberger ,https://about.sixt.com/websites/sixt_cc/English/2000/investor-relations.html#Supervisory,,1967,M,Y,N,"Audit, Nomination",,N,2012,N,
Sixt,Julian Zu Putlitz,https://about.sixt.com/websites/sixt_cc/English/2000/investor-relations.html#Supervisory,,1967,M,Y,N,Audit,Audit,N,2021,N,
ThyssenKrupp,Siegfried Russwurm,https://www.thyssenkrupp.com/en/company/management/supervisory-board/prof-dr-ing-siegfried-russwurm.html,German,1963,M,Y,Y,"Executive, Innovation and Finance, Mediation, Nomination, Personnel, Strategy","Executive, Innovation and Finance, Mediation, Nomination, Personnel, Strategy",N,2018,N,Chairman of supervisory board
ThyssenKrupp,Stefan Buchner,https://www.thyssenkrupp.com/en/company/management/supervisory-board/stefan-erwin-buchner.html,German,1960,M,N,N,,,N,2021,N,
ThyssenKrupp,Ursula Gather,https://www.thyssenkrupp.com/en/company/management/supervisory-board/prof-dr-dr-h-c-ursula-gather.html,German,1953,F,Y,Y,"Innovation and Finance, Nomination, Strategy",,N,2018,N,
ThyssenKrupp,Bernhard Günther,https://www.thyssenkrupp.com/en/company/management/supervisory-board/dr-bernhard-guenther.html,German,1967,M,Y,N,"Audit, Executive, Mediation, Nomination, Personnel",,N,2020,N,
ThyssenKrupp,Ingo Luge,https://www.thyssenkrupp.com/en/company/management/supervisory-board/dr-ingo-luge.html,German,1957,M,Y,N,"Innovation and Finance, Nomination, Strategy",,N,2019,N,
ThyssenKrupp,Birgit Behrendt,https://www.thyssenkrupp.com/en/company/management/supervisory-board/birgit-a-behrendt.html,German,1959,F,N,N,,,N,2020,N,
ThyssenKrupp,Wolfgang Colberg,https://www.thyssenkrupp.com/en/company/management/supervisory-board/dr-wolfgang-colberg.html,German,1959,M,Y,N,,,N,2020,N,
ThyssenKrupp,Angelika Gifford,https://www.thyssenkrupp.com/en/company/management/supervisory-board/angelika-gifford.html,German,1965,F,N,N,,,N,2020,N,
ThyssenKrupp,Friederike Helfer,https://www.thyssenkrupp.com/en/company/management/supervisory-board/friederike-helfer.html,Austrian,1976,F,N,N,"Audit, Innovation and Finance, Nomination, Strategy",,N,2020,N,
ThyssenKrupp,Verena Volpert,https://www.thyssenkrupp.com/en/company/management/supervisory-board/dr-verena-volpert.html,German,1960,F,Y,N,Audit,Audit,N,2020,N,
ThyssenKrupp,Achim Hass,https://www.thyssenkrupp.com/en/company/management/supervisory-board/achim-hass-kiel.html,German,1965,M,N,N,,,Y,2017,N,
ThyssenKrupp,Daniela Jansen,https://www.thyssenkrupp.com/en/company/management/supervisory-board/daniela-jansen.html,German,1977,F,N,N,Audit,,Y,2021,N,
ThyssenKrupp,Jürgen Kerner,http://thyssenkrupp.com/en/company/management/supervisory-board/juergen-kerner.html,German,1969,M,N,N,"Executive, Innovation and Finance, Mediation, Personnel, Strategy",,Y,2020,N,
ThyssenKrupp,Peter Remmler,https://www.thyssenkrupp.com/en/company/management/supervisory-board/peter-remmler.html,German,1958,M,N,N,"Innovation and Finance, Strategy",,Y,2009,N,
ThyssenKrupp,Friedrich Weber,https://www.thyssenkrupp.com/en/company/management/supervisory-board/friedrich-weber.html,German,1954,M,N,N,,,Y,2013,N,
ThyssenKrupp,Tanja Jacquemin,https://www.thyssenkrupp.com/en/company/management/supervisory-board/tanja-jacquemin.html,German,1972,F,N,N,Audit,,Y,2016,N,
ThyssenKrupp,Christian Julius,https://www.thyssenkrupp.com/en/company/management/supervisory-board/christian-julius.html,German,1968,M,N,N,,,Y,2022,N,
ThyssenKrupp,Tekin Nasikkol,https://www.thyssenkrupp.com/en/company/management/supervisory-board/tekin-nasikkol,German,1968,M,N,N,"Innovation and Finance, Strategy",,Y,2020,N,
ThyssenKrupp,Dirk Sievers,https://www.thyssenkrupp.com/en/company/management/supervisory-board/dirk-sievers.html,German,1971,M,N,N,"Audit, Executive, Innovation and Finance, Mediation, Personnel, Strategy",,Y,2018,N,
ThyssenKrupp,Isolde Würz,https://www.thyssenkrupp.com/en/company/management/supervisory-board/isolde-wuerz.html,German,1959,F,N,N,,,Y,2015,N,
Fraport,Michael Boddenberg,https://www.fraport.com/de/konzern/ueber-uns/aufsichtsrat-und-beraterkreis.html,German,1959,M,N,N,"Executive, Nomination","Executive, Nomination",N,2020,N,Chairman of sustainability board
Fraport,Claudia Amier,https://www.fraport.com/de/konzern/ueber-uns/aufsichtsrat-und-beraterkreis.html,German,1956,F,N,N,"Audit, Executive, Finance",,Y,2013,N,
Fraport,Devrim Arslan,https://www.fraport.com/de/konzern/ueber-uns/aufsichtsrat-und-beraterkreis.html,German,1977,M,N,N,Human Resources,,Y,2013,N,
Fraport,Uwe Becker,https://www.fraport.com/de/konzern/ueber-uns/aufsichtsrat-und-beraterkreis.html,German,1969,M,N,N,"Finance and Investment, Nomination",,N,2013,N,
Fraport,Hakan Bölükmese,https://www.fraport.com/de/konzern/ueber-uns/aufsichtsrat-und-beraterkreis.html,German,1976,M,N,N,Human Resources,,Y,,N,
Fraport,Hakan Cicek,https://www.fraport.com/de/konzern/ueber-uns/aufsichtsrat-und-beraterkreis.html,German,1973,M,N,N,"Audit, Finance",,Y,2013,N,
Fraport,Peter Feldmann,https://www.fraport.com/de/konzern/ueber-uns/aufsichtsrat-und-beraterkreis.html,German,1958,M,N,N,,,N,2012,N,
Fraport,Peter Gerber,https://www.fraport.com/de/konzern/ueber-uns/aufsichtsrat-und-beraterkreis.html,German,1964,M,N,N,,,N,2014,N,
Fraport,Margarete Haase,https://www.fraport.com/de/konzern/ueber-uns/aufsichtsrat-und-beraterkreis.html,Austrian,1953,F,Y,N,"Audit, Finance, Nomination","Audit, Finance",N,2011,N,
Fraport,Frank-Peter Kaufmann,https://www.fraport.com/de/konzern/ueber-uns/aufsichtsrat-und-beraterkreis.html,German,1948,M,N,N,"Finance and Investment, Human Resources",,N,2014,Y,"Erster Kreisbeigeordneter des Kreises Offenbach als Dezernent für Jugend, Soziales, Umwelt, Verkehr und Gesundheit"
Fraport,Ulrich Kipper,https://www.fraport.com/de/konzern/ueber-uns/aufsichtsrat-und-beraterkreis.html,German,1960,M,Y,N,"Audit, Finance",,N,,N,
Fraport,Lothar Klemm,https://www.fraport.com/de/konzern/ueber-uns/aufsichtsrat-und-beraterkreis.html,German,1949,M,N,N,"Audit, Executive, Finance, Finance and Investment",Finance and Investment,N,,N,
Fraport,Ramona Lindner,https://www.fraport.com/de/konzern/ueber-uns/aufsichtsrat-und-beraterkreis.html,German,1975,F,N,N,Finance and Investment,,Y,,N,
Fraport,Mira Neumaier,https://www.fraport.com/de/konzern/ueber-uns/aufsichtsrat-und-beraterkreis.html,German,1981,F,N,N,Finance and Investment,,Y,,N,
Fraport,Michael Odenwald,https://www.fraport.com/de/konzern/ueber-uns/aufsichtsrat-und-beraterkreis.html,German,1958,M,N,N,"Audit, Finance, Human Resources",,N,,N,
Fraport,Matthias Pöschko,https://www.fraport.com/de/konzern/ueber-uns/aufsichtsrat-und-beraterkreis.html,German,1973,M,N,N,Finance and Investment,,Y,,N,
Fraport,Qadeer Rana,https://www.fraport.com/de/konzern/ueber-uns/aufsichtsrat-und-beraterkreis.html,German,1983,M,N,N,"Audit, Finance, Human Resources",,Y,,N,
Fraport,Mathias Venema,https://www.fraport.com/de/konzern/ueber-uns/aufsichtsrat-und-beraterkreis.html,German,1972,M,N,N,"Executive, Human Resources",Human Resources,Y,,N,
Fraport,Sonja Wärntges,https://www.fraport.com/de/konzern/ueber-uns/aufsichtsrat-und-beraterkreis.html,German,1967,F,N,N,"Audit, Finance, Human Resources",,N,,N,
Fraport,Katja Windt,https://www.fraport.com/de/konzern/ueber-uns/aufsichtsrat-und-beraterkreis.html,German,1969,F,Y,Y,"Finance and Investment, Human Resources",,N,,N,
Scout24,Hans-Holger Albrecht,https://www.scout24.com/media/scout24/Aufsichtsrat/CV_Dr_Hans-Holger_Albrecht_EN.pdf,German,1963,M,Y,N,"Audit, Executive",Executive,N,2018,N,Chairman of supervisory board
Scout24,Christoph Brand,https://www.scout24.com/media/scout24/Aufsichtsrat/CV_Christoph_Brand_EN.pdf,Swiss,1969,M,N,N,Remuneration,,N,2019,N,
Scout24,Elke Frank,https://www.scout24.com/media/scout24/Aufsichtsrat/CV_Dr_Elke_Frank_EN.pdf,German,1971,F,Y,N,Remuneration,Remuneration,N,2020,N,
Scout24,Frank Lutz,https://www.scout24.com/media/scout24/Aufsichtsrat/CV_Frank_H_Lutz_EN.pdf,German,1968,M,N,N,"Audit, Executive",Audit,N,2019,N,
Scout24,André Schwämmlein,https://www.scout24.com/media/scout24/Aufsichtsrat/CV_Andre_Schwaemmlein_EN.pdf,German,1981,M,N,N,Audit,,N,2017,N,
Scout24,Peter Schwarzenbauer,https://www.scout24.com/media/scout24/Aufsichtsrat/CV_Peter_Schwarzenbauer_EN.pdf,German,1959,M,N,N,"Executive, Remuneration",,N,2017,N,
Varta,Michael Tojner,https://www.varta-ag.com/en/ueber-varta/overview/supervisory-board,Austrian,1966,M,Y,Y,"Audit, Human Resources, Investment","Human Resources, Investment",N,2016,N,Chairman of supervisory board
Varta,Harald Sommerer,https://www.varta-ag.com/en/ueber-varta/overview/supervisory-board,Austrian,1967,M,N,N,"Audit, Human Resources, Investment",Audit,N,2016,N,
Varta,Sven Quandt,https://www.varta-ag.com/en/ueber-varta/overview/supervisory-board,German,1956,M,N,N,"Human Resources, Special",Special,N,2016,N,
Varta,Martin Ohneberg,https://www.varta-ag.com/en/ueber-varta/overview/supervisory-board,Austrian,1971,M,N,N,Human Resources,,N,2021,N,
Varta,Werner Tillmetz,https://www.varta-ag.com/en/ueber-varta/overview/supervisory-board,German,1955,M,Y,Y,"Investment, Special",,N,2021,Y,"2003 - 2004 Head of the global catalyst business ""Environment and Energy"" of Süd- Chemie AG, Munich"
Varta,Michael Pistauer,https://www.varta-ag.com/en/ueber-varta/overview/supervisory-board,Austrian,1969,M,Y,N,"Audit, Special",,N,2019,N,
Hugo Boss,Hermann Waldemer,https://group.hugoboss.com/en/company/management/supervisory-board,German,1957,M,N,N,"Audit, Mediation, Nomination, Personnel, Working","Mediation, Nomination, Personnel, Working",N,2015,N,Chairman of supervisory board
Hugo Boss,Sinan Piskin,https://group.hugoboss.com/en/company/management/supervisory-board,German,1978,M,N,N,"Audit, Mediation, Personnel, Working",,Y,2008,N,
Hugo Boss,Iris Epple-Righi,https://group.hugoboss.com/en/company/management/supervisory-board,German,1965,F,N,N,Working,,N,2020,N,
Hugo Boss,Katharina Herzog,https://group.hugoboss.com/en/company/management/supervisory-board,German,1978,F,N,N,Working,,Y,2020,N,
Hugo Boss,Anita Kessel,https://group.hugoboss.com/en/company/management/supervisory-board,German,1957,F,N,N,"Mediation, Personnel",,Y,2015,N,
Hugo Boss,Gaetano Marzotto,https://group.hugoboss.com/en/company/management/supervisory-board,Italian,1952,M,N,N,"Audit, Mediation, Nomination",,N,2010,N,
Hugo Boss,Luca Marzotto,https://group.hugoboss.com/en/company/management/supervisory-board,Italian,1971,M,N,N,"Personnel, Working",,N,2010,N,
Hugo Boss,Tanja Nitschke,https://group.hugoboss.com/en/company/management/supervisory-board,German,1973,F,N,N,Working,,Y,2015,N,
Hugo Boss,Christina Rosenberg,https://group.hugoboss.com/en/company/management/supervisory-board,German,1969,F,N,N,Personnel,,N,2020,N,
Hugo Boss,Martin Sambeth,https://group.hugoboss.com/en/company/management/supervisory-board,German,1974,M,N,N,Audit,,Y,2016,N,
Hugo Boss,Bernd Simbeck,https://group.hugoboss.com/en/company/management/supervisory-board,German,1964,M,N,N,"Audit, Personnel",,Y,2016,N,
Hugo Boss,Robin Stalker,https://group.hugoboss.com/en/company/management/supervisory-board,New Zealand,1958,M,N,N,Audit,Audit,N,2020,N,
Ströer,Christoph Vilanek,https://www.stroeer.de/media/02_downloads/06_ueber_uns/ar_stroeer_se_und_co_kgaa_lebenslaeufe/english/stroeer_ar_kgaa_vilanek_eng.pdf,Austrian,1968,M,N,N,Audit,,N,2013,N,Chairman of supervisory board
Ströer,Karl-Georg Altenburg,https://www.stroeer.de/media/02_downloads/06_ueber_uns/ar_stroeer_se_und_co_kgaa_lebenslaeufe/english/stroeer_ar_kgaa_altenburg_eng.pdf,German,1963,M,Y,N,,,N,2020,N,
Ströer,Angela Barzen,https://www.stroeer.de/media/02_downloads/06_ueber_uns/ar_stroeer_se_und_co_kgaa_lebenslaeufe/english/stroeer_ar_kgaa_barzen_eng.pdf,German,1965,F,N,N,,,N,2019,N,
Ströer,Martin Diederichs,https://www.stroeer.de/media/02_downloads/06_ueber_uns/ar_stroeer_se_und_co_kgaa_lebenslaeufe/english/stroeer_ar_kgaa_diederichs_eng_01.pdf,German,1962,M,N,N,"Audit, Nomination",Nomination,N,2018,N,
Ströer,Barbara Liese-Bloch,https://www.stroeer.de/media/02_downloads/06_ueber_uns/ar_stroeer_se_und_co_kgaa_lebenslaeufe/english/stroeer_ar_kgaa_liese-bloch_eng.pdf,German,1971,F,N,N,,,N,2020,N,
Ströer,Petra Sontheimer,https://www.stroeer.de/media/02_downloads/06_ueber_uns/ar_stroeer_se_und_co_kgaa_lebenslaeufe/english/stroeer_ar_kgaa_sontheimer_eng.pdf,German,1970,F,N,N,Nomination,,N,2018,N,
Ströer,Andreas Huster,https://www.stroeer.de/media/02_downloads/06_ueber_uns/ar_stroeer_se_und_co_kgaa_lebenslaeufe/english/stroeer_ar_kgaa_huster_eng.pdf,German,1960,M,N,N,,,Y,2018,N,
Ströer,Sabine Hüttinger,https://www.stroeer.de/media/02_downloads/06_ueber_uns/ar_stroeer_se_und_co_kgaa_lebenslaeufe/english/stroeer_ar_kgaa_huettinger_eng.pdf,German,1974,F,N,N,,,Y,2017,N,
Ströer,Petra Loubek,https://www.stroeer.de/media/02_downloads/06_ueber_uns/ar_stroeer_se_und_co_kgaa_lebenslaeufe/english/stroeer_ar_kgaa_loubek_eng.pdf,German,1979,F,N,N,,,Y,2019,N,
Ströer,Rachel Marquardt,https://www.stroeer.de/media/02_downloads/06_ueber_uns/ar_stroeer_se_und_co_kgaa_lebenslaeufe/english/stroeer_ar_kgaa_rachel_marquardt_eng.pdf,German,1980,F,N,N,,,Y,2017,N,
Ströer,Tobias Meuser,https://www.stroeer.de/media/02_downloads/06_ueber_uns/ar_stroeer_se_und_co_kgaa_lebenslaeufe/english/stroeer_ar_kgaa_meuser_eng.pdf,German,1972,M,N,N,,,Y,2017,N,
Ströer,Thomas Müller,https://www.stroeer.de/media/02_downloads/06_ueber_uns/ar_stroeer_se_und_co_kgaa_lebenslaeufe/english/stroeer_ar_kgaa_th_mueller_eng.pdf,German,1957,M,Y,N,,,Y,2017,N,
Ströer,Nadine Reichel,https://www.stroeer.de/media/02_downloads/06_ueber_uns/ar_stroeer_se_und_co_kgaa_lebenslaeufe/english/stroeer_ar_kgaa_reichel_eng.pdf,German,1985,F,N,N,,,Y,2018,N,
Ströer,Christian Gellesch,https://www.stroeer.de/media/02_downloads/06_ueber_uns/ar_stroeer_se_und_co_kgaa_lebenslaeufe/english/stroeer_ar_kgaa_sardina-gellesch_eng.pdf,German,1970,M,N,N,,,Y,2017,N,
Ströer,Ulrich Voigt,https://www.stroeer.de/media/02_downloads/06_ueber_uns/ar_stroeer_se_und_co_kgaa_lebenslaeufe/english/stroeer_ar_kgaa_voigt_eng.pdf,German,1965,M,N,N,"Audit, Nomination",Audit,N,2013,N,
Ströer,Kai Sauermann,https://www.stroeer.de/media/02_downloads/06_ueber_uns/ar_stroeer_management_se_lebenslaeufe/english/stroeer_ar_mgt_se_sauermann_eng.pdf,German,1963,M,Y,N,,,N,2021,N,
Lanxess,Matthias Wolfgruber,https://lanxess.com/en/Investors/Corporate-Governance/Supervisory-Board/Matthias-Wolfgruber,German,1954,M,Y,N,"Executive, Mediation, Nomination","Executive, Mediation, Nomination",N,2015,N,Chairman of supervisory board
Lanxess,Hans van Bylen,https://lanxess.com/en/Investors/Corporate-Governance/Supervisory-Board/Hans-van-Bylen,Belgian,1961,M,N,N,"Audit, Executive",,N,2020,N,
Lanxess,Heike Hanagarth,https://lanxess.com/en/Investors/Corporate-Governance/Supervisory-Board/Heike-Hanagarth,German,1959,F,Y,N,Mediation,,N,2016,Y,"Dr. Hanagarth was Member of the Management Board for Technology and Environment at Deutsche Bahn AG and in her position responsible for procurement, technology strategy/innovations, quality, IT, environment and department controlling."
Lanxess,Pamela Knapp,https://lanxess.com/en/Investors/Corporate-Governance/Supervisory-Board/Pamela-Knapp,German,1958,F,N,N,Audit,Audit,N,2018,N,
Lanxess,Lawrence Rosen,https://lanxess.com/en/Investors/Corporate-Governance/Supervisory-Board/Lawrence-Rosen,American,1957,M,N,N,"Audit, Nomination",,N,2015,N,
Lanxess,Theo Walthie,https://lanxess.com/en/Investors/Corporate-Governance/Supervisory-Board/Theo-Walthie,Dutch,1947,M,N,N,"Executive, Nomination",,N,2010,N,
Lanxess,Birgit Bierther,https://lanxess.com/en/Investors/Corporate-Governance/Supervisory-Board/Birgit-Bierther,German,1962,F,N,N,Executive,,Y,2019,N,
Lanxess,Armando Dente,https://lanxess.com/en/Investors/Corporate-Governance/Supervisory-Board/Armando-Dente-EN,German,1979,M,N,N,Audit,,Y,2020,N,
Lanxess,Hans-Dieter Gerriets,https://lanxess.com/en/Investors/Corporate-Governance/Supervisory-Board/Hans-Dieter-Gerriets,German,1959,M,Y,N,Audit,,Y,2014,N,
Lanxess,Ralf Sikorski,https://lanxess.com/en/Investors/Corporate-Governance/Supervisory-Board/Ralf-Sikorski,German,1961,M,N,N,"Executive, Mediation",,Y,2015,N,
Lanxess,Iris Schmitz,https://lanxess.com/en/Investors/Corporate-Governance/Supervisory-Board/Iris-Schmitz,German,1969,F,N,N,"Audit, Mediation",,Y,2021,N,
Lanxess,Manuela Strauch,https://lanxess.com/en/Investors/Corporate-Governance/Supervisory-Board/Manuela-Strauch,German,1971,F,N,N,Executive,,Y,2015,N,
TAG Immobilien,Rolf Elgeti,https://www.tag-ag.com/en/company/supervisory-board/,German,1976,M,N,N,Personnel,Personnel,N,2014,N,Chairman of the supervisory board
TAG Immobilien,Lothar Lanz,https://www.tag-ag.com/en/company/supervisory-board/,German,1948,M,N,N,Audit,"Audit, Personnel",N,2014,N,
TAG Immobilien,Kristin Wellner,https://www.tag-ag.com/en/company/supervisory-board/,German,1972,F,Y,Y,Audit,,N,2018,Y,LinkedIn Skills contain sustainability
TAG Immobilien,Philipp Wagner,https://www.tag-ag.com/en/company/supervisory-board/,German,1975,M,Y,N,Personnel,,N,2015,N,
TAG Immobilien,Harald Kintzel,https://www.tag-ag.com/en/company/supervisory-board/,German,1957,M,N,N,,,Y,2020,N,
TAG Immobilien,Fatma Demirbaga-Zobel,https://www.tag-ag.com/en/company/supervisory-board/,German,1978,F,N,N,,,Y,2020,N,
Freenet,Helmut Thoma,https://www.freenet-group.de/en/investor-relations/corporate-governance/supervisory-board/index.html,Austrian,1939,M,Y,Y,"Mediation, Personnel, Steering","Mediation, Personnel, Steering",N,2012,N,Chairman of supervisory board
Freenet,Sabine Christiansen,https://www.freenet-group.de/en/investor-relations/corporate-governance/supervisory-board/index.html,German,1957,F,N,N,"Nomination, Personnel",,N,2015,N,
Freenet,Thorsten Kraemer,https://www.freenet-group.de/en/investor-relations/corporate-governance/supervisory-board/index.html,German,1968,M,N,N,Steering,,N,2012,N,
Freenet,Fränzi Kühne,https://www.freenet-group.de/en/investor-relations/corporate-governance/supervisory-board/index.html,German,1983,F,N,N,,,N,2017,N,
Freenet,Marc Tüngler,https://www.freenet-group.de/en/investor-relations/corporate-governance/supervisory-board/index.html,German,1968,M,N,N,"Audit, Nomination",,N,2012,N,
Freenet,Robert Weidinger ,https://www.freenet-group.de/en/investor-relations/corporate-governance/supervisory-board/index.html,German,1962,M,N,N,Audit,Audit,N,2012,N,
Freenet,Knut Mackeprang,https://www.freenet-group.de/en/investor-relations/corporate-governance/supervisory-board/index.html,German,1970,M,N,N,"Mediation, Personnel, Steering",,Y,2013,N,
Freenet,Claudia Anderleit,https://www.freenet-group.de/en/investor-relations/corporate-governance/supervisory-board/index.html,German,1973,F,N,N,Personnel,,Y,2008,N,
Freenet,Bente Brandt,https://www.freenet-group.de/en/investor-relations/corporate-governance/supervisory-board/index.html,German,1971,F,N,N,Audit,,Y,2018,N,
Freenet,Theo-Benneke Bretsch,https://www.freenet-group.de/en/investor-relations/corporate-governance/supervisory-board/index.html,German,1984,M,N,N,Mediation,,Y,2018,N,
Freenet,Gerhard Huck,https://www.freenet-group.de/en/investor-relations/corporate-governance/supervisory-board/index.html,German,1958,M,N,N,Steering,,Y,2018,N,
Freenet,Thomas Reimann,https://www.freenet-group.de/en/investor-relations/corporate-governance/supervisory-board/index.html,German,1963,M,N,N,Audit,,Y,2017,N,
Siltronic,Tobias Ohler,https://www.siltronic.com/fileadmin/Aufsichtsrat/2022/2022_-_Ohler_CV.pdf,German,1971,M,Y,N,"Audit, Executive, Mediation, Nomination","Mediation, Nomination",N,2015,N,Chairman of supervisory board
Siltronic,Gabrijela Rodosek,https://www.siltronic.com/fileadmin/Aufsichtsrat/2022/2022_-_Dreo_CV.pdf,"German, Slovenian",1965,F,Y,Y,,,N,2018,N,
Siltronic,Sieglinde Feist,https://www.siltronic.com/fileadmin/Aufsichtsrat/2022/2022_-_Feist_CV.pdf,German,1963,F,N,N,Mediation,,N,2014,N,
Siltronic,Herrmann Gerlinger,https://www.siltronic.com/fileadmin/Aufsichtsrat/2022/2022_-_Gerlinger_CV.pdf,German,1953,M,Y,Y,"Executive, Nomination",Executive,N,2011,N,
Siltronic,Michael Hankel,https://www.siltronic.com/fileadmin/Aufsichtsrat/2022/2022_-_Hankel_CV.pdf,German,1957,M,N,N,Executive,,N,2018,N,
Siltronic,Bernd Jonas,https://www.siltronic.com/fileadmin/Aufsichtsrat/2022/2022_-_Jonas_CV.pdf,German,1951,M,N,N,Audit,Audit,N,2015,N,
Siltronic,Johann Hautz,https://www.siltronic.com/fileadmin/Aufsichtsrat/2022/2022_-_Hautz_CV.pdf,German,1962,M,N,N,"Audit, Executive, Mediation",,Y,2003,N,
Siltronic,Mandy Breyer,https://www.siltronic.com/fileadmin/Aufsichtsrat/2022/2022_-_Breyer_CV.pdf,German,1970,F,N,N,,,Y,2018,N,
Siltronic,Klaus-Peter Estermaier,https://www.siltronic.com/fileadmin/Aufsichtsrat/2022/2022_-_Estermaier_CV.pdf,German,1970,M,N,N,,,Y,2018,N,
Siltronic,Volker Stapfer,https://www.siltronic.com/fileadmin/Aufsichtsrat/2022/2022_CV_Stapfer.pdf,German,1965,M,N,N,Mediation,,Y,2022,N,
Siltronic,Lina Ohltmann,https://www.siltronic.com/fileadmin/Aufsichtsrat/2022/2022_CV_Ohltmann_Lina.pdf,German,1987,F,N,N,,,Y,2021,N,
Siltronic,Markus Hautmann,https://www.siltronic.com/fileadmin/Aufsichtsrat/2022/2022_CV_Hautmann.pdf,German,1971,M,N,N,,,Y,2021,N,
TeamViewer,Abraham Peled,https://www.teamviewer.com/en/company/supervisory-board/,American,1945,M,Y,N,"Audit, Nomination, Remuneration",,N,2019,N,Chairman of supervisory board
TeamViewer,Jörg Rockenhäuser,https://www.teamviewer.com/en/company/supervisory-board/,German,1966,M,Y,N,"Nomination, Remuneration",,N,2019,N,
TeamViewer,Stefan Dziarski,https://www.teamviewer.com/en/company/supervisory-board/,German,1980,M,N,N,Audit,,N,2019,N,
TeamViewer,Axel Salzmann,https://www.teamviewer.com/en/company/supervisory-board/,German,1958,M,N,N,"Audit, Nomination, Remuneration","Audit, Nomination, Remuneration",N,2019,N,
TeamViewer,Jacob Aqraou,https://www.teamviewer.com/en/company/supervisory-board/,Danish,1972,M,N,N,"Audit, Nomination, Remuneration",,N,2019,N,
TeamViewer,Hera Siu,https://www.teamviewer.com/en/company/supervisory-board/,"Chinese, Hong Kong",1959,F,N,N,Audit,,N,2021,N,
ProSiebenSat.1 Media,Werner Brandt,https://www.prosiebensat1.com/en/about-prosiebensat-1/who-we-are/supervisory-board-2/vita-dr-werner-brandt,German,1954,M,Y,N,"Audit, Compensation, Finance, Nomination, Presiding, Special","Compensation, Nomination, Presiding, Special",N,2014,N,Chairman of the supervisory board
ProSiebenSat.1 Media,Marion Helmes,https://www.prosiebensat1.com/en/about-prosiebensat-1/who-we-are/supervisory-board-2/vita-dr-marion-helmes,German,1965,F,Y,N,"Audit, Compensation, Finance, Nomination, Presiding, Special",,N,2014,N,
ProSiebenSat.1 Media,Lawrence Aidem,https://www.prosiebensat1.com/en/about-prosiebensat-1/who-we-are/supervisory-board-2/vita-lawrence-aidem,American,1956,M,N,N,"Nomination, Presiding",,N,2014,N,
ProSiebenSat.1 Media,Erik Huggers,https://www.prosiebensat1.com/en/page/vita-erik-huggers,Dutch,1973,M,N,N,,,N,2014,N,
ProSiebenSat.1 Media,Marjorie Kaplan,https://www.prosiebensat1.com/en/about-prosiebensat-1/who-we-are/supervisory-board-2/vita-marjorie-kaplan,American,1954,F,N,N,"Nomination, Presiding",,N,2018,N,
ProSiebenSat.1 Media,Antonella Mei-Pochtler,https://www.prosiebensat1.com/en/about-prosiebensat-1/who-we-are/supervisory-board-2/vita-dr-antonella-mei-pochtler,Italian,1958,F,Y,N,"Audit, Finance, Nomination, Presiding",,N,2020,N,
ProSiebenSat.1 Media,Ketan Mehta,https://www.prosiebensat1.com/en/about-prosiebensat-1/who-we-are/supervisory-board-2/vita-ketan-mehta,American,1972,M,N,N,"Nomination, Presiding, Special",,N,2015,N,
ProSiebenSat.1 Media,Rolf Nonnenmacher,https://www.prosiebensat1.com/en/about-prosiebensat-1/who-we-are/supervisory-board-2/vita-prof-dr-rolf-nonnenmacher,German,1954,M,Y,Y,"Audit, Compensation, Finance, Special","Audit, Finance",N,2015,N,
ProSiebenSat.1 Media,Andreas Wiele,https://www.prosiebensat1.com/en/about-prosiebensat-1/who-we-are/supervisory-board-2/vita-dr-andreas-wiele-1,German,1962,M,Y,N,,,N,2022,N,
Jungheinrich,Hans-Georg Frey,https://www.jungheinrich.com/en/about-us/company-6202,German,1956,M,N,N,"Joint, Personnel","Joint, Personnel",N,2019,N,Chairman of supervisory board
Jungheinrich,Markus Haase,https://www.jungheinrich.com/en/about-us/company-6202,German,1967,M,N,N,"Joint, Personnel",,Y,2011,N,
Jungheinrich,Antoinette Aris,https://www.jungheinrich.com/en/about-us/company-6202,Dutch,1958,F,N,N,"Audit, Finance, Personnel",,N,2011,N,
Jungheinrich,Dagmar Bieber,https://www.jungheinrich.com/en/about-us/company-6202,German,1962,M,N,N,,,Y,2020,N,
Jungheinrich,Rainer Breitschädel,https://www.jungheinrich.com/en/about-us/company-6202,German,1961,M,N,N,,,Y,2016,N,
Jungheinrich,Beate Klose,https://www.jungheinrich.com/en/about-us/company-6202,German,1966,F,N,N,,,N,2016,N,
Jungheinrich,Wolff Lange,https://www.jungheinrich.com/en/about-us/company-6202,German,1957,M,N,N,Personnel,,N,2005,N,
Jungheinrich,Mike Retz,https://www.jungheinrich.com/en/about-us/company-6202,German,1979,M,N,N,Joint,,Y,2020,N,
Jungheinrich,Ulrich Schmidt,https://www.jungheinrich.com/en/about-us/company-6202,German,1953,M,Y,N,"Audit, Finance","Audit, Finance",N,2016,N,
Jungheinrich,Steffen Schwarz,https://www.jungheinrich.com/en/about-us/company-6202,German,1970,M,N,N,"Audit, Finance, Personnel",,Y,2011,N,
Jungheinrich,Kristina Thurau-Vetter,https://www.jungheinrich.com/en/about-us/company-6202,German,1971,F,N,N,,,Y,2021,N,
Jungheinrich,Andreas Wolf,https://www.jungheinrich.com/en/about-us/company-6202,German,1965,M,N,N,"Joint, Personnel",,N,2018,N,
Aixtron,Kim Schindelhauer,https://www.aixtron.com/en/company/management/supervisory-board,German,1953,M,N,N,"Audit, Capital Markets, Nomination, Remuneration",,N,2002,N,Chairman of supervisory board
Aixtron,Frits van Hout,https://www.aixtron.com/en/company/management/supervisory-board,Dutch,1960,M,N,N,"Nomination, Remuneration","Nomination, Remuneration",N,2019,N,
Aixtron,Andreas Biagosch,https://www.aixtron.com/en/company/management/supervisory-board,German,1955,M,Y,Y,"Audit, Capital Markets",,N,2013,N,
Aixtron,Petra Denk,https://www.aixtron.com/en/company/management/supervisory-board,German,1972,F,Y,Y,"Nomination, Remuneration",,N,2011,N,
Aixtron,Anna Weber,https://www.aixtron.com/en/company/management/supervisory-board,German,1984,F,Y,Y,Audit,Audit,N,2019,N,
Software,Christian Lucas,https://www.softwareag.com/en_corporate/company/leadership/christian-yannick-lucas.html,French,1969,M,N,N,"Audit, Nomination, Personnel","Nomination, Personnel",N,2022,N,Chairman of supervisory board
Software,Madlen Ehrlich,https://www.softwareag.com/en_corporate/company/leadership/madlen-ehrlich.html,German,1981,F,N,N,Audit,,Y,2021,N,
Software,Oliver Collmann,https://www.softwareag.com/en_corporate/company/leadership/oliver-collmann.html,German,1979,M,N,N,Audit,,N,2022,N,
Software,Bettina Schraudolf,https://www.softwareag.com/en_corporate/company/leadership/bettina-schraudolf.html,German,1960,F,N,N,Personnel,,Y,2021,N,
Software,Ursula Soritsch-Renier,https://www.softwareag.com/en_corporate/company/leadership/ursula_soritsch-renier.html,Austrian,1967,F,N,N,"Nomination, Personnel",,N,2020,N,
Software,Markus Ziener,https://www.softwareag.com/en_corporate/company/leadership/markus_ziener.html,German,1966,M,N,N,"Audit, Nomination",Audit,N,2015,N,
Hypoport,Dieter Pfeiffenberger,https://www.hypoport.com/company-profile/management/,,1957,M,N,N,Audit,,N,2018,N,Chairman of supervisory board
Hypoport,Roland Adams,https://www.hypoport.com/company-profile/management/,,1959,M,N,N,Audit,,N,2015,N,
Hypoport,Martin Krebs,https://www.hypoport.com/company-profile/management/,,1968,M,N,N,Audit,Audit,N,2019,N,
